blog_number,title,slug,category,featured_image_idea,image_prompt,meta_description,blog_post,call_to_action
1,Best Jet Ski Rentals in Miami for First-Time Riders,best-jet-ski-rentals-miami-first-time-riders,Jet Ski Rentals,"A clear action photo of someone riding a jet ski on bright Miami water with a marina, skyline, or tropical background.","Realistic photo of a person riding a jet ski on bright blue Miami water, sunny day, tropical vacation feeling, Miami skyline or marina in the background, exciting but professional, natural lighting, not AI-looking.","Planning your first jet ski rental in Miami? Learn what to expect, what to bring, how to stay prepared, and how to enjoy your first ride.","Miami is one of the best places to ride a jet ski, especially if it is your first time. Between the warm weather, beautiful water, and vacation atmosphere, a jet ski rental is one of the easiest ways to turn a normal Miami day into something memorable. Many people visit Miami wanting to do something exciting, but they are not always sure what to expect before getting on a jet ski. The good news is that most first-time riders do great as long as they listen to the instructions and take a few minutes to get comfortable.

If you have never ridden a jet ski before, you do not need to feel nervous. A jet ski may look fast and intense from the outside, but once you understand the basics, it becomes much easier. Before your ride, you will usually receive instructions on how to operate the jet ski, how to steer, how to slow down, and how to stay within the approved riding area. This is an important part of the experience because it helps everyone stay safe and enjoy the water without confusion.

The best advice for first-time riders is to start slow. You do not need to go full speed immediately. Take a few minutes to feel how the jet ski moves, how it turns, and how it responds when you accelerate. Once you are comfortable, you can enjoy the ride more confidently. Many riders start out cautious and then quickly realize how fun and easy it is once they get used to it.

What you bring also makes a big difference. You should wear comfortable swimwear because you will likely get wet. Bring sunscreen, a towel, sunglasses with a strap, and a waterproof phone pouch if you want to take photos or videos. Miami sun can be strong, especially on the water, so being prepared makes the experience much better. It is also smart to arrive early so you have time to check in, ask questions, and get ready without feeling rushed.

Jet ski rentals are perfect for couples, friends, tourists, and locals who want something exciting to do in Miami. It is a great activity for people who want action, beautiful views, and fun content for social media. Whether you are celebrating, visiting for vacation, or just looking for something different to do, jet skiing is one of Miami’s most popular water activities for a reason.

If you are planning your first ride, Jet Ski Rentals of South Florida can help make the process simple. Come ready to have fun, follow the instructions, and enjoy one of the most exciting ways to experience Miami from the water.
",Book your Miami jet ski rental today and enjoy one of the most exciting water activities in South Florida.
2,How to Choose the Perfect Yacht Rental in Miami,how-to-choose-perfect-yacht-rental-miami,Yacht Rentals,A luxury yacht on the water with people relaxing on the deck and Miami skyline or Biscayne Bay in the background.,"Realistic luxury yacht rental in Miami, white yacht cruising on blue water, group of friends relaxing on deck, sunny day, Miami skyline in background, premium lifestyle look, natural photo style.","Looking for a yacht rental in Miami? Learn how to choose the right yacht based on group size, occasion, budget, and experience.","Choosing the perfect yacht rental in Miami can feel overwhelming because there are so many options. Some yachts are better for smaller groups, some are better for parties, and others are made for a more relaxed luxury experience. The right yacht depends on your group size, your budget, your occasion, and the type of atmosphere you want to create on the water.

The first thing to think about is your group size. A couple or small group may not need the same yacht as a birthday party, bachelor party, bachelorette party, or family celebration. Comfort matters. You want enough space for guests to sit, walk around, take photos, enjoy music, and relax without feeling crowded. When choosing a yacht, it is always better to be honest about your group size so the right options can be recommended.

The second thing to consider is the vibe you want. Some people want a peaceful cruise with nice views and a luxury feel. Others want music, photos, dancing, and a celebration atmosphere. Some yachts have beautiful interiors, while others have larger outdoor spaces. Some are better for sunset photos, while others are better for groups who want to spend most of the time outside enjoying the water.

You should also review what is included. Depending on the yacht, your charter may include things like the captain, fuel, cooler, ice, bottled water, floating mat, Bluetooth sound system, cleaning, and other amenities. The included items matter because they can change the overall value of the rental. A yacht that looks slightly more expensive may actually be a better option if it includes more of what your group needs.

Budget is also important. Yacht rental prices in Miami can vary depending on size, day of the week, number of hours, and amenities. A weekday charter may be different from a weekend charter. A 4-hour yacht rental is one of the most popular choices because it gives the group enough time to enjoy the experience without taking the entire day. Larger yachts and premium yachts usually cost more, but they can also create a stronger luxury experience.

If you are not sure what yacht to choose, the easiest thing to do is send your date, group size, budget, and preferred number of hours. From there, Yacht Rentals of South Florida can help narrow down the best options. Whether you are planning a birthday, romantic day, group celebration, family outing, or Miami vacation experience, the right yacht can make the day unforgettable.
","Message Yacht Rentals of South Florida with your date, group size, and budget so we can help you choose the right yacht."
3,Jet Ski vs Yacht Rental in Miami: Which One Should You Book?,jet-ski-vs-yacht-rental-miami,Miami Activities,A split-style image showing a jet ski rider on one side and a private yacht on the other.,"Realistic Miami water activity comparison image, one side showing a jet ski rider on blue water, the other side showing a luxury yacht with people on board, bright tropical Miami style, natural and professional.","Trying to decide between a jet ski rental and a yacht rental in Miami? Learn which experience is better for your group, budget, and plans.","If you are visiting Miami and trying to decide between a jet ski rental and a yacht rental, the best choice depends on what type of experience you want. Both are fun, both are popular, and both give you a chance to enjoy Miami from the water. However, they are very different experiences, so it helps to understand what each one is best for before booking.

A jet ski rental is best for people who want action, speed, and excitement. It is a great choice if you want to feel the water, move fast, and create fun videos. Jet skis are also perfect for couples, friends, tourists, and small groups who want a shorter activity that still feels exciting. If your goal is adventure and adrenaline, a jet ski rental is usually the better choice.

A yacht rental is better for people who want comfort, privacy, and a more luxury-style experience. Yachts are perfect for birthdays, bachelor parties, bachelorette parties, proposals, family outings, content days, and group celebrations. Instead of focusing on speed, the yacht experience is more about relaxing, taking pictures, playing music, enjoying the view, and spending time with your group in a private setting.

Time is another difference. Jet ski rentals are usually a shorter activity, which makes them easy to fit into a busy Miami day. Yacht rentals are usually booked for several hours, which makes them better when you want the activity to be the main part of your day. If your group wants a full experience where everyone can hang out together, a yacht may be the better option.

Budget also matters. Jet skis are often a more affordable activity for smaller groups, while yachts can be better value for groups who want to split the cost. If you have a larger group celebrating a special occasion, a yacht rental can make more sense because everyone gets to enjoy the same private experience together.

The best option may even be to combine both. Many customers love booking a yacht rental and adding jet skis or planning multiple activities in one day. This gives you the luxury and comfort of a yacht with the excitement of jet skiing.

At UPUR Entertainment, we help customers choose between jet skis, yachts, ATVs, and other Miami activities based on the group, budget, and occasion. Whether you want action, luxury, or both, we can help you plan the right Miami experience.
",Message UPUR Entertainment and we can help you choose the best activity or bundle for your Miami plans.
4,"Best Miami Activities for Birthdays, Groups, and Celebrations",best-miami-activities-birthdays-groups-celebrations,Group Activities,A group of friends celebrating on a yacht or near the water with a fun Miami background.,"Realistic group of friends celebrating a birthday on a yacht in Miami, balloons, smiles, blue water, sunny luxury party vibe, natural photo style, professional travel website image.","Planning a birthday, bachelor party, bachelorette party, or group celebration in Miami? Explore the best activities to book.","Miami is one of the best cities for birthdays, group trips, bachelor parties, bachelorette parties, and special celebrations. The warm weather, tropical views, beaches, and water activities make it easy to create a day that feels exciting and memorable. Whether your group wants luxury, adventure, photos, music, or a full day of activities, Miami has options for almost every style.

One of the most popular choices for celebrations is a private yacht rental. A yacht gives your group a private space to enjoy the water, play music, take pictures, celebrate, and relax. It is especially popular for birthdays, bachelor and bachelorette parties, anniversaries, proposals, and group vacations. A yacht rental feels more personal than a regular activity because your group gets its own experience.

Jet ski rentals are another great option for groups that want action. Jet skis are exciting, fast, and perfect for people who want fun videos and a more adventurous experience. They work well for couples, friends, and smaller groups who want something energetic to add to their Miami day. Jet skis can also be combined with other activities to make the day feel fuller.

ATVs are a good option for groups that want something different from the typical water activities. They are fun, active, and great for people who like adventure. If your group wants a mix of activities, an ATV ride can be a nice way to add something land-based to a Miami trip.

For tourists, activities like parasailing and banana boat rides can also be fun options. Parasailing is great for views and memories, while banana boat rides are playful and great for laughs. These activities are especially good for people who want something exciting but not too complicated to plan.

When planning a group activity, think about your group size, budget, schedule, and the type of experience everyone will enjoy. A calm family outing may need something different than a high-energy birthday group. A bachelorette party may want photos and music, while a tourist group may want a little bit of everything.

At UPUR Entertainment, we help customers plan Miami activities for groups, birthdays, and celebrations. Whether you want yachts, jet skis, ATVs, parasailing, banana boat rides, or a custom activity day, we can help you find the right option for your group.
","Tell us your group size, date, and budget, and we’ll help plan the best Miami activity experience."
5,What to Bring for a Jet Ski Rental in Miami,what-to-bring-jet-ski-rental-miami,Jet Ski Rentals,"A clean flat-lay photo of jet ski essentials: towel, sunscreen, sunglasses, waterproof phone pouch, swimwear, and marina background.","Realistic flat-lay photo for Miami jet ski rental essentials, sunglasses, towel, sunscreen, waterproof phone pouch, swimwear, marina background, clean bright vacation style, not AI-looking.",Getting ready for a Miami jet ski rental? Here is a simple checklist of what to bring so your ride is smooth and stress-free.,"If you are booking a jet ski rental in Miami, bringing the right items can make your experience much smoother. Jet skiing is fun, exciting, and one of the best ways to enjoy the water, but being prepared helps you avoid stress before and after the ride. A few simple items can make the difference between feeling rushed and feeling ready.

The first thing to wear is comfortable swimwear. You will probably get wet, so it is best to wear something made for the water. Avoid jeans, heavy clothing, or anything that becomes uncomfortable when wet. Lightweight clothing, bathing suits, swim shorts, and comfortable coverups are usually better options.

Sunscreen is one of the most important things to bring. Miami sun can be strong, especially when you are on the water. The reflection from the water can make the sun feel even stronger, so applying sunscreen before your ride is a smart idea. If you plan to stay outside after the rental, bring extra sunscreen with you.

A towel is also helpful. After your ride, you may want to dry off before getting in a car, walking around, or going to your next activity. Even if you do not think you will get very wet, it is always better to have a towel ready.

If you want to take photos or videos, bring a waterproof phone pouch. Many customers want content from their jet ski experience, but phones can easily get wet or fall if they are not protected. A waterproof pouch helps keep your phone safer and makes it easier to bring it with you.

Sunglasses can help with the sun, but they should have a strap. Regular sunglasses can fall off while riding, especially if the jet ski is moving fast or the water is choppy. A strap helps keep them secure.

You should also bring a valid ID and any booking information requested by the company. Arriving early is important because there may be check-in steps, safety instructions, waivers, or other details to complete before riding. Being on time helps the whole experience go more smoothly.

Jet skiing in Miami is one of the most exciting activities you can do, and being prepared helps you enjoy it even more. Come ready, listen to instructions, and get ready for a fun day on the water with Jet Ski Rentals of South Florida.
",Book your jet ski rental and come prepared for a fun Miami water experience.
6,Best Yacht Rental Ideas for a Miami Birthday Party,best-yacht-rental-ideas-miami-birthday-party,Yacht Rentals,"A yacht birthday setup with friends, decorations, drinks, and bright Miami water views.","Realistic yacht birthday party in Miami, friends on a luxury yacht, clean decorations, ocean water, happy lifestyle photo, premium but natural, no fake AI look.","Planning a birthday yacht rental in Miami? Here are ideas for decorations, music, photos, food, and making the day unforgettable.","A yacht rental is one of the best ways to celebrate a birthday in Miami. It feels private, fun, and special, while also giving your group beautiful water views, music, photos, and time together. Instead of going to a regular restaurant or club, a yacht gives the birthday celebration a luxury experience that feels different from the usual plans.

One of the easiest ways to make a birthday yacht feel special is with decorations. Balloons, birthday signs, matching colors, number balloons, and simple table setups can make the yacht look great for photos. The decorations do not have to be over the top. Even a clean, simple setup can make the day feel more personalized. Always make sure decorations are allowed and safe for the boat before bringing them.

Music is another important part of the experience. Most yacht rentals have a Bluetooth sound system or speaker setup, so creating a playlist before the charter can help set the mood. You can make one playlist for relaxing, one for party music, and one for sunset or photo moments. Music helps bring the group together and keeps the energy up.

Photos and videos are a big reason people love yacht birthdays. The yacht, water, skyline, and Miami atmosphere create the perfect background for content. It is a good idea to take photos early in the charter while everyone is fresh and ready. Group photos, birthday photos, and candid videos can all help capture the day.

Food and drinks can also make the celebration better. Depending on the yacht rules, you may be able to bring snacks, drinks, sandwiches, fruit trays, or catering. Keep it simple and easy to serve. The goal is to enjoy the day, not create a complicated setup that becomes stressful.

You can also make the birthday more exciting by adding an extra activity if available. Some groups like asking about jet skis or other water activities to add more action to the day. This can turn a regular yacht rental into a full Miami experience.

A yacht birthday works for many types of groups. It can be calm and classy, fun and energetic, romantic, or party-style depending on what you want. At Yacht Rentals of South Florida, we help customers find yacht options for birthdays, celebrations, and special events. Send us your date, group size, and budget, and we can help you choose the right yacht for your birthday.
",Plan your birthday yacht rental with Yacht Rentals of South Florida and make your celebration unforgettable.
7,ATV Rentals in Miami: What to Expect Before You Ride,atv-rentals-miami-what-to-expect,ATV Rentals,ATV riders on an outdoor trail or adventure-style location with a sunny South Florida look.,"Realistic ATV rental adventure in South Florida, rider on ATV, outdoor trail, sunny weather, fun group activity, clean action photo style, natural and professional.","Thinking about booking ATV rentals in South Florida? Learn what to expect, what to wear, and why ATVs are a great group activity.","ATV rentals are a great option if you want an activity that feels different, fun, and adventurous. Miami is known for beaches and water activities, but not everyone wants to spend the entire trip on the water. ATVs give your group a chance to do something active, exciting, and memorable.

If it is your first time riding an ATV, you do not need to feel intimidated. Many riders are beginners. Before the ride, you will usually receive instructions on how to operate the ATV, how to follow the route, and how to stay safe. Listening to these instructions is important because ATV riding is fun, but it still requires attention and control.

What you wear matters. Comfortable clothing is best. Closed-toe shoes are usually recommended because they are safer and easier to ride in. Avoid sandals, loose clothing, or anything you are worried about getting dusty or dirty. Depending on the location and weather, ATV riding can be messy, so wear something comfortable and practical.

ATVs are especially good for groups. Friends, couples, birthday groups, and tourists often enjoy ATV rides because they feel exciting without needing a lot of planning. It is also a good option for people who want something more adventurous than a regular sightseeing activity.

ATV rentals can also be part of a full Miami activity day. For example, your group can ride ATVs earlier in the day and do a water activity later. This gives the trip more variety and makes the day feel more complete. Some groups like combining adventure activities with yachts, jet skis, or other Miami experiences.

Before booking, think about your group size, schedule, and comfort level. Make sure everyone understands what type of activity it is and comes prepared with the right clothing. It is also important to arrive on time so the group does not miss instructions or delay the schedule.

At ATV Rentals of South Florida, we help customers book fun ATV experiences for tourists, locals, groups, and celebrations. If you want something exciting and different in South Florida, an ATV ride can be a great choice.
",Message ATV Rentals of South Florida to check availability and book your adventure.
8,Best Water Activities in Miami for Tourists,best-water-activities-miami-tourists,Miami Activities,"A collage-style image showing jet skis, a yacht, parasailing, banana boat, and bright blue Miami water.","Realistic Miami water activities collage, jet ski, yacht, parasailing, banana boat, bright blue water, sunny tropical vacation style, professional travel website image, natural look.","Visiting Miami and looking for fun things to do? Explore the best water activities for tourists, including jet skis, yachts, parasailing, and more.","Miami is famous for its beaches, warm weather, clear water, and exciting activities. If you are visiting the city, adding at least one water activity to your trip is one of the best ways to enjoy the Miami lifestyle. Whether you want action, relaxation, views, or a group celebration, there are many options to choose from.

Jet ski rentals are one of the most popular water activities for tourists. They are exciting, fast, and perfect for people who want to ride on the water and create fun videos. Jet skis are great for couples, friends, and small groups. They are also easy to fit into your schedule because they do not usually take the entire day.

Yacht rentals are another top choice, especially for groups. A private yacht gives you a more comfortable and luxury experience. You can relax, play music, take photos, celebrate, and enjoy Miami from the water. Yachts are perfect for birthdays, bachelor parties, bachelorette parties, family outings, and vacation groups.

Parasailing is a great option if you want beautiful views and a memorable experience. It gives you a different perspective of Miami and is a fun choice for people who want something exciting but not too intense. For many tourists, parasailing becomes one of the most memorable parts of the trip.

Banana boat rides are perfect for groups who want something playful and fun. They are usually fast, bumpy, and full of laughs. This type of activity works well for friends, families, and tourists who want a quick but exciting water experience.

If you want something outside the water, ATVs can also be a great addition to your trip. They add adventure and variety, especially if your group wants to do more than one activity during the day.

The best activity depends on your group size, budget, schedule, and the type of experience you want. Some visitors choose one activity, while others plan a full day with multiple experiences. At UPUR Entertainment, we help tourists book Miami activities like jet skis, yachts, ATVs, parasailing, banana boat rides, and more. Message us with your date and group size, and we can help you choose the best option.
",Book your Miami water activities with UPUR Entertainment and make your trip unforgettable.
9,How Much Does It Cost to Rent a Yacht in Miami?,how-much-does-it-cost-to-rent-yacht-miami,Yacht Rentals,A luxury yacht docked or cruising in Miami with clear blue water and a professional vacation look.,"Realistic luxury yacht rental in Miami, clean white yacht on blue water, sunny day, premium travel lifestyle, simple professional website photo, natural lighting.","Yacht rental prices in Miami can vary by size, hours, day of the week, and amenities. Learn what affects the cost before booking.","One of the most common questions people ask before booking is: how much does it cost to rent a yacht in Miami? The answer depends on several factors, including the yacht size, number of hours, day of the week, group size, and what is included in the rental. Understanding these details can help you choose the right yacht for your budget and avoid confusion.

Yacht size is one of the biggest factors. Smaller yachts are usually more affordable and can be a great choice for smaller groups, couples, or people who want a simple private experience. Larger yachts usually cost more because they offer more space, more comfort, and often a stronger luxury feel. If your group wants room to walk around, take photos, and enjoy the deck, yacht size becomes important.

The number of hours also affects the price. Many yacht rentals are offered in 3-hour, 4-hour, 6-hour, or 8-hour options. A 4-hour yacht rental is one of the most popular choices because it gives your group enough time to enjoy the water without making the entire day too long. Longer charters are better if you want a more relaxed experience or if you are celebrating a special occasion.

The day of the week can also change the price. Weekends are usually more popular, which can make them more expensive or more limited in availability. Weekdays may sometimes offer better pricing or more yacht options. If your schedule is flexible, asking about weekday options can help you find a better fit.

What is included also matters. Some yacht rentals may include the captain, fuel, ice, water, floating mat, cooler, sound system, cleaning fee, and other amenities. Always review what is included before comparing prices. A yacht that looks cheaper at first may not always be the best value if important items are not included.

The best way to get an accurate yacht price is to send your date, group size, budget, and preferred number of hours. That makes it easier to recommend yachts that actually fit what you need. At Yacht Rentals of South Florida, we help customers compare options and choose the right yacht for their plans.
","Send us your date, group size, and budget, and we’ll help you find the best yacht rental options in Miami."
10,How to Plan a Full Miami Adventure Day,how-to-plan-full-miami-adventure-day,Miami Activities,"A collage showing a group enjoying a yacht, jet ski ride, ATV adventure, and water activities.","Realistic Miami adventure day collage, group of friends enjoying yacht rental, jet ski ride, ATV adventure, and water activities, bright sunny South Florida vacation style, natural and professional.","Want to do more than one activity in Miami? Learn how to plan a full adventure day with yachts, jet skis, ATVs, and more.","If you are visiting Miami and want to make the most out of your day, planning a full adventure day is a great idea. Instead of choosing only one activity, you can combine multiple experiences and create a day that feels exciting, organized, and memorable. Miami is the perfect city for this because there are so many activities available, from yachts and jet skis to ATVs and water rides.

The first step is deciding what type of day you want. If you want something luxury and relaxing, a yacht rental can be the main activity. If you want action and speed, jet skis may be the best choice. If your group wants something different and adventurous, ATVs can add variety. If you want a tourist-style activity, parasailing or banana boat rides can also be great additions.

Once you know the vibe, think about the schedule. You do not want to plan activities too close together. Leave time for travel, check-in, instructions, food, and breaks. A good adventure day should feel fun, not rushed. It is better to plan realistically than to pack too much into one day and end up stressed.

Group size is also important. Some activities work better for small groups, while others are perfect for larger celebrations. A yacht rental may be better for a group that wants to stay together in one private space. Jet skis and ATVs may be better for people who want individual action and excitement. The right combination depends on who is coming and what they enjoy.

Budget matters too. Combining activities can be a great way to create more value, especially if bundle options are available. For example, a group may choose a water activity and an adventure activity to make the day feel complete. Asking about bundles or custom packages can help you get a better idea of what works for your budget.

A full Miami adventure day is perfect for birthdays, bachelor parties, bachelorette parties, tourist groups, family trips, and friend groups. It gives everyone something to look forward to and creates more memories than doing just one activity.

At UPUR Entertainment, we help customers book Miami activities like yachts, jet skis, ATVs, parasailing, banana boat rides, and more. Tell us your date, group size, budget, and what type of experience you want, and we can help you build a full Miami adventure day.
",Ask UPUR Entertainment about activity bundles and custom Miami experiences.
